"ID";"Тип";"Название";"Артикул";"Код";"pathName (row)";"productFolder.name";"productFolder.pathName";"productFolder.productFolder.name";"Цена продажи";"Цена закупки";"Остаток"
"9d02b1a8-76e0-11f1-0a80-04ba00024d1f";"product";"РОКОТ Сверло по металлу 8мм (1шт, блистер)";"604-008";"00285";"Строительные материалы";"Строительные материалы";"";;"36.16";"30.13";"0"
"9d078078-76e0-11f1-0a80-04ba00024d23";"product";"РОКОТ Сверло по металлу 4.5х80мм, HSS";"604-077";"00291";"Строительные материалы";"Строительные материалы";"";;"27.62";"23.02";"0"
"9d19943c-76e0-11f1-0a80-04ba00024d33";"product";"РОКОТ Молоток-гвоздодер, 450 г, боек 27 мм, металлическая трубчатая обрезиненная рукоятка";"615-090";"00275";"Строительные материалы";"Строительные материалы";"";;"288.13";"240.11";"0"
"9d2c7ea5-76e0-11f1-0a80-04ba00024d44";"product";"РОКОТ Сеткодержатель на винтах 105x220мм";"645-105";"00287";"Строительные материалы";"Строительные материалы";"";;"247.98";"206.65";"0"
"9d3572a7-76e0-11f1-0a80-04ba00024d4c";"product";"РОКОТ Отвертка ""Любитель"" с прорезиненной ручкой 20см PH2 5.5*100мм";"651-212";"00187";"Строительные материалы";"Строительные материалы";"";;"50.12";"41.77";"0"
"9d39b1b4-76e0-11f1-0a80-04ba00024d50";"product";"РОКОТ Отвертка ""Любитель"" с прорезиненной ручкой SL 5х75мм";"651-217";"00164";"Строительные материалы";"Строительные материалы";"";;"45.62";"38.02";"0"
"9d57e10d-76e0-11f1-0a80-04ba00024d6c";"product";"РОКОТ Коронка по бетону 68мм (в сборе)";"654-069";"00219";"Строительные материалы";"Строительные материалы";"";;"511.80";"426.50";"0"
"9d60edec-76e0-11f1-0a80-04ba00024d74";"product";"РОКОТ Ключ разводной 150мм";"655-024";"00191";"Строительные материалы";"Строительные материалы";"";;"188.33";"156.94";"0"
"9d64e696-76e0-11f1-0a80-04ba00024d78";"product";"РОКОТ Ключ разводной 300мм";"655-027";"00199";"Строительные материалы";"Строительные материалы";"";;"478.02";"398.35";"0"
"9d860d59-76e0-11f1-0a80-04ba00024d98";"product";"РОКОТ Рулетка ""ОПТИМА"", 5м х 19мм, одинарный зацеп, корпус PP+TPR";"658-115";"00177";"Строительные материалы";"Строительные материалы";"";;"110.42";"92.02";"0"
"9d8a1693-76e0-11f1-0a80-04ba00024d9c";"product";"РОКОТ Уровень строительный ""Рельс"", 600 мм";"659-036";"00175";"Строительные материалы";"Строительные материалы";"";;"175.27";"146.06";"0"
"9d8e451d-76e0-11f1-0a80-04ba00024da0";"product";"РОКОТ Уровень строительный ""Рельс"", 1000 мм";"659-038";"00188";"Строительные материалы";"Строительные материалы";"";;"252.28";"210.23";"0"
"9da369b1-76e0-11f1-0a80-04ba00024db4";"product";"РОКОТ Кувалда с пластиковой ручкой 1000гр";"662-060";"00178";"Строительные материалы";"Строительные материалы";"";;"506.21";"421.84";"0"
"9da76048-76e0-11f1-0a80-04ba00024db8";"product";"РОКОТ Топор кованый с деревянной ручкой 700г";"662-138";"00203";"Строительные материалы";"Строительные материалы";"";;"448.10";"373.42";"0"
"9dbee488-76e0-11f1-0a80-04ba00024dd0";"product";"РОКОТ Ножовка по металлу (стандарт)";"663-053";"00241";"Строительные материалы";"Строительные материалы";"";;"202.26";"168.55";"0"
"9dc30311-76e0-11f1-0a80-04ba00024dd4";"product";"РОКОТ Ножовка по дереву 350мм";"663-131";"00200";"Строительные материалы";"Строительные материалы";"";;"135.68";"113.07";"0"
"9dc71246-76e0-11f1-0a80-04ba00024dd8";"product";"РОКОТ Ножовка по дереву 450мм";"663-133";"00201";"Строительные материалы";"Строительные материалы";"";;"147.56";"122.97";"0"
"9dfd5a8e-76e0-11f1-0a80-04ba00024e0c";"product";"РОКОТ Набор ключей рожковых оцинк. в пластик. подвесе 6 пр. (6х7, 8х10, 9х11, 10х12, 12х13, 13х14мм)";"736-001";"00216";"Строительные материалы";"Строительные материалы";"";;"271.86";"226.55";"0"
"9e02e9fa-76e0-11f1-0a80-04ba00024e10";"product";"РОКОТ Набор ключей рожковых оцинк. в пластик. подвесе 12 пр., 6-24мм";"736-004";"00297";"Строительные материалы";"Строительные материалы";"";;"656.17";"546.81";"0"
"9bb9cabb-76e0-11f1-0a80-04ba00024bf1";"product";"Дрель-шуруповерт для дома FBC-001 12В+ЗУ";"FBC-001";"00220";"";;;;"0.00";"0.00";"0"
"9bbff018-76e0-11f1-0a80-04ba00024bf5";"product";"Дрель-шуруповерт 16-10 с съемным патроном";"FB-16-10Q-2(103Q)";"00271";"";;;;"4560.00";"3800.00";"0"
"9bc3c86d-76e0-11f1-0a80-04ba00024bf9";"product";"Дрель-шуруповерт 21-10 с съемным патроном";"FB-21-10Q-2(107Q)";"00238";"";;;;"5040.00";"4200.00";"0"
"9bc7bdbb-76e0-11f1-0a80-04ba00024bfd";"product";"Дрель-шуруповерт 20-13A";"FB-20-13A-4(113)";"00226";"";;;;"0.00";"0.00";"0"
"9bcb8ba6-76e0-11f1-0a80-04ba00024c01";"product";"Дрель-шуруповерт 21-13";"FB-21-13-5(110)";"00301";"";;;;"5100.00";"4250.00";"0"
"9bd18849-76e0-11f1-0a80-04ba00024c05";"product";"Винтоверт 280";"FB-280-4(201)";"00211";"";;;;"6180.00";"5150.00";"0"
"9bd598a4-76e0-11f1-0a80-04ba00024c09";"product";"Гайковерт 680";"FB-680-5(204N)";"00289";"";;;;"8160.00";"6800.00";"0"
"9bdae1d0-76e0-11f1-0a80-04ba00024c0d";"product";"Гайковерт FBH-688";"FB-688-8(209)";"00206";"";;;;"0.00";"0.00";"0"
"9bdea76b-76e0-11f1-0a80-04ba00024c11";"product";"Гайковерт 1280B (без АКБ и ЗУ)";"FB-1280-0(205N)";"00163";"";;;;"0.00";"0.00";"0"
"9be2afd1-76e0-11f1-0a80-04ba00024c15";"product";"Гайковерт 1200B";"FB-1280-8(205N)";"00260";"";;;;"9000.00";"7500.00";"0"
"9be6ffac-76e0-11f1-0a80-04ba00024c19";"product";"Угловой гайковерт FB-406";"FB-406-2(271)";"00193";"";;;;"0.00";"0.00";"0"
"9beb181b-76e0-11f1-0a80-04ba00024c1d";"product";"Угловой гайковерт FB-407";"FB-407-2(272)";"00269";"";;;;"6600.00";"5500.00";"0"
"9bef87fb-76e0-11f1-0a80-04ba00024c21";"product";"Перфоратор 8030B-0 (без АКБ и ЗУ)";"FB-8030B-0(301)";"00214";"";;;;"0.00";"0.00";"0"
"9bf37baa-76e0-11f1-0a80-04ba00024c25";"product";"Перфоратор 8030B-9";"FB-8030B-9(301)";"00281";"";;;;"13440.00";"11200.00";"0"
"9bf7ea08-76e0-11f1-0a80-04ba00024c29";"product";"Перфоратор 8026B (без АКБ и ЗУ)";"FB-8026B-0(302)";"00276";"";;;;"0.00";"0.00";"0"
"9bfcc8f4-76e0-11f1-0a80-04ba00024c2d";"product";"Перфоратор 8026B-6";"FB-8026B-6(302)";"00227";"";;;;"0.00";"0.00";"0"
"9c019579-76e0-11f1-0a80-04ba00024c31";"product";"Перфоратор FBH-05-22";"FBH-05-22-4(304)";"00256";"";;;;"0.00";"0.00";"0"
"9c0575f6-76e0-11f1-0a80-04ba00024c35";"product";"Перфоратор FBH-05-24";"FBH-05-24-8(303N)";"00151";"";;;;"9600.00";"8000.00";"0"
"9c0a588b-76e0-11f1-0a80-04ba00024c39";"product";"Отбойный молоток FB-20-8040";"FB-20-8040-8(311)";"00237";"";;;;"0.00";"0.00";"0"
"9c0e7eae-76e0-11f1-0a80-04ba00024c3d";"product";"УШМ 5230B";"FB-5230B-6(403)";"00165";"";;;;"7080.00";"5900.00";"0"
"9c12d85f-76e0-11f1-0a80-04ba00024c41";"product";"УШМ 5030B";"FB-5030B-6(402)";"00253";"";;;;"0.00";"0.00";"0"
"9c17542a-76e0-11f1-0a80-04ba00024c45";"product";"УШМ 20-125 20В";"FBH-20-125-20-8(405)";"00207";"";;;;"0.00";"0.00";"0"
"9c1fd33a-76e0-11f1-0a80-04ba00024c49";"product";"Цепная пила 8305N";"FB-8305N-6(501N)";"00249";"";;;;"6600.00";"5500.00";"0"
"9c248e93-76e0-11f1-0a80-04ba00024c4d";"product";"Цепная пила телескопическая FB-8205";"FB-8205";"00232";"";;;;"6360.00";"5300.00";"0"
"9c294ac9-76e0-11f1-0a80-04ba00024c51";"product";"Цепная пила 8355B";"FB-8355B-6(502)";"00229";"";;;;"9480.00";"7900.00";"0"
"9c2d2457-76e0-11f1-0a80-04ba00024c55";"product";"Цепная пила 40-16";"FB-40-16-4(506)";"00197";"";;;;"0.00";"0.00";"0"
"9c317c09-76e0-11f1-0a80-04ba00024c59";"product";"Циркулярная пила FB-150";"FB-150-6(511)";"00272";"";;;;"8640.00";"7200.00";"0"
"9c358da9-76e0-11f1-0a80-04ba00024c5d";"product";"Сабельная пила 02-18";"FB-02-18-4(523)";"00230";"";;;;"6600.00";"5500.00";"0"
"9c399f4b-76e0-11f1-0a80-04ba00024c61";"product";"Лобзик FB-8155";"FB-8155-4(541)";"00246";"";;;;"6720.00";"5600.00";"0"
"9c3da782-76e0-11f1-0a80-04ba00024c65";"product";"Ножницы по металлу FB-806";"FB-806-4(901)";"00195";"";;;;"0.00";"0.00";"0"
"9c416cbe-76e0-11f1-0a80-04ba00024c69";"product";"Ножницы по металлу FB-807";"FB-807-4(902)";"00299";"";;;;"8160.00";"6800.00";"0"
"9c45b876-76e0-11f1-0a80-04ba00024c6d";"product";"Заклепочный пистолет FB-808";"FB-808-4(903)";"00169";"";;;;"7800.00";"6500.00";"0"
"9c4c8d9c-76e0-11f1-0a80-04ba00024c71";"product";"Набор 6в1 (шуруповерт, гайковерт, перфоратор, УШМ, цепная и циркулярная пила)";"FB-6x1(732)";"00243";"";;;;"0.00";"0.00";"0"
"9c5078d7-76e0-11f1-0a80-04ba00024c75";"product";"Набор 4в1 (шуруповерт 21-13, гайковерт 680, перфоратор 05-24, УШМ 5230)";"FB-4x1(703)";"00288";"";;;;"18600.00";"15500.00";"0"
"9c54ace3-76e0-11f1-0a80-04ba00024c79";"product";"Набор 4в1 (шуруповерт 1321, гайковерт 650, перфоратор 05-24, УШМ 5025)";"FB-4x1(704)";"00251";"";;;;"0.00";"0.00";"0"
"9c5a158f-76e0-11f1-0a80-04ba00024c7d";"product";"Набор 4в1 (FBH-20-13A, FBH-688, FBH-05-24, FBH-20-125)";"FB-4x1(707)";"00294";"";;;;"0.00";"0.00";"0"
"9c5ec54d-76e0-11f1-0a80-04ba00024c81";"product";"Набор 3в1 (FBH-20-13A, FBH-20-125, FBH-688)";"FB-3x1(717)";"00222";"";;;;"0.00";"0.00";"0"
"9c62b89a-76e0-11f1-0a80-04ba00024c85";"product";"Набор 3в1 (шуруповерт 1321, УШМ 5230, перфоратор 8026)";"FB-3x1(714)";"00167";"";;;;"0.00";"0.00";"0"
"9c6738ba-76e0-11f1-0a80-04ba00024c89";"product";"Набор 3в1 (шуруповерт 21-13, гайковерт 1280, перфоратор 8026)";"FB-3x1(715)";"00300";"";;;;"0.00";"0.00";"0"
"9c6b6da9-76e0-11f1-0a80-04ba00024c8d";"product";"Набор 3в1 (УШМ 5230, гайковерт 1280, перфоратор 8030)";"FB-3x1(716)";"00204";"";;;;"16800.00";"14000.00";"0"
"9c6f8639-76e0-11f1-0a80-04ba00024c91";"product";"Набор 2в1 (гайковерт FBH-688, шуруповерт FBH-20-13A)";"FB-2x1(727)";"00302";"";;;;"0.00";"0.00";"0"
"9c738630-76e0-11f1-0a80-04ba00024c95";"product";"Набор 2в1 (УШМ FBH-20-125, шуруповерт FBH-20-13A)";"FB-2x1(728)";"00283";"";;;;"8640.00";"7200.00";"0"
"9c7775ab-76e0-11f1-0a80-04ba00024c99";"product";"Набор 2в1 (УШМ FBH-20-125, гайковерт FBH-688)";"FB-2x1(729)";"00295";"";;;;"11400.00";"9500.00";"0"
"9c7b4e24-76e0-11f1-0a80-04ba00024c9d";"product";"Мойка высокого давления FB-072";"FB-072-4(072)";"00277";"";;;;"6240.00";"5200.00";"0"
"9c7f3434-76e0-11f1-0a80-04ba00024ca1";"product";"Лазерный уровень 286";"FB-286(605)";"00247";"";;;;"0.00";"0.00";"0"
"9c8314b2-76e0-11f1-0a80-04ba00024ca5";"product";"Лазерный уровень 216";"FB-216(602)";"00170";"";;;;"5400.00";"4500.00";"0"
"9c870bb8-76e0-11f1-0a80-04ba00024ca9";"product";"Прожектор FBH-166 (без АКБ)";"FBH-166(950)";"00223";"";;;;"0.00";"0.00";"0"
"9c8ae14d-76e0-11f1-0a80-04ba00024cad";"product";"Снеговая лопата 061";"FB-061-6(061)";"00257";"";;;;"0.00";"0.00";"0"
"9c8f5260-76e0-11f1-0a80-04ba00024cb1";"product";"Переходник FB_MAK";"FB-MAK";"00154";"";;;;"0.00";"0.00";"0"
"9c9369ba-76e0-11f1-0a80-04ba00024cb5";"product";"Диск отрезной по металлу 230мм (5шт/уп — 625₽; 25шт/кор — 3000₽)";"D 230";"00186";"";;;;"0.00";"0.00";"0"
"9c97a258-76e0-11f1-0a80-04ba00024cb9";"product";"Диск отрезной оригинальный для пилы 150мм";"CDC-150";"00185";"";;;;"0.00";"0.00";"0"
"9c9b7ef8-76e0-11f1-0a80-04ba00024cbd";"product";"Патрон 10мм";"pat 10";"00255";"";;;;"0.00";"0.00";"0"
"9c9f95a9-76e0-11f1-0a80-04ba00024cc1";"product";"Патрон 13мм";"pat 13";"00235";"";;;;"0.00";"0.00";"0"
"9ca3bc02-76e0-11f1-0a80-04ba00024cc5";"product";"Цепь для пилы 8355";"Ch 8355";"00228";"";;;;"0.00";"0.00";"0"
"9ca7cc7c-76e0-11f1-0a80-04ba00024cc9";"product";"Цепь для пилы 21-12S";"Ch 21-12S";"00209";"";;;;"0.00";"0.00";"0"
"9cac1016-76e0-11f1-0a80-04ba00024ccd";"product";"Цепь для пилы 8305N";"Ch 8305N";"00264";"";;;;"0.00";"0.00";"0"
"9cb02ce2-76e0-11f1-0a80-04ba00024cd1";"product";"Цепь для пилы 8205";"Ch8205";"00159";"";;;;"0.00";"0.00";"0"
"9cb4553a-76e0-11f1-0a80-04ba00024cd5";"product";"Кейс (без подложки, типовой для 3в1)";"-";"00168";"";;;;"0.00";"0.00";"0"
"9cb84843-76e0-11f1-0a80-04ba00024cd9";"product";"Батарея аккумуляторная 21В 2.0Ач";"FB-B2";"00218";"";;;;"0.00";"0.00";"0"
"9cbc6939-76e0-11f1-0a80-04ba00024cdd";"product";"Батарея аккумуляторная 21В 4.0Ач";"FB-B4";"00278";"";;;;"0.00";"0.00";"0"
"9cc0aa0f-76e0-11f1-0a80-04ba00024ce1";"product";"Батарея аккумуляторная 21В 6.0Ач";"FB-B6";"00196";"";;;;"3000.00";"2500.00";"0"
"9cc4ce78-76e0-11f1-0a80-04ba00024ce5";"product";"Батарея аккумуляторная 21В 8.0Ач";"FB-B8";"00274";"";;;;"0.00";"0.00";"0"
"9cc87059-76e0-11f1-0a80-04ba00024ce9";"product";"Зарядная станция 21В 2А";"FB-C21V-1";"00280";"";;;;"0.00";"0.00";"0"
"9cd0a393-76e0-11f1-0a80-04ba00024cef";"product";"Кора сосновая 2л";"115-013";"00152";"";;;;"60.00";"50.00";"0"
"9cd4bc35-76e0-11f1-0a80-04ba00024cf3";"product";"INBLOOM Набор для полива (пистолет 5 реж- 1шт., 1/2"" коннектор- 2шт., 1/2""-3/4"" штуцер-1шт.) ПП";"160-001";"00158";"";;;;"174.80";"145.67";"0"
"9cd86881-76e0-11f1-0a80-04ba00024cf7";"product";"INBLOOM Разбрызгиватель 5-и лучевой на пике, 31см, круговой, пластик";"160-002";"00176";"";;;;"96.13";"80.11";"0"
"9cdbeccb-76e0-11f1-0a80-04ba00024cfb";"product";"INBLOOM Пистолет для полива, 2 режима, ПП, ABS";"160-126";"00258";"";;;;"171.24";"142.70";"0"
"9cdf9b81-76e0-11f1-0a80-04ba00024cff";"product";"INBLOOM Пистолет-разбрызгиватель, 5 режимов, ПП";"160-127";"00262";"";;;;"46.25";"38.54";"0"
"9ce45cf9-76e0-11f1-0a80-04ba00024d03";"product";"INBLOOM Набор для полива d3/4"" (коннектор-1шт., коннектор с аквастопом-1шт., двойник-1шт.), ПП";"167-039";"00225";"";;;;"108.16";"90.13";"0"
"9ce87647-76e0-11f1-0a80-04ba00024d07";"product";"INBLOOM Набор садового инвентаря 21см (совок, рыхлитель, корнеудал) металл с пласт. ручкой";"181-014";"00292";"";;;;"126.17";"105.14";"0"
"9ceca673-76e0-11f1-0a80-04ba00024d0b";"product";"INBLOOM Грабли веерные, 22 зуба, 35х38см, окрашенная сталь";"187-006";"00171";"";;;;"146.87";"122.39";"0"
"9cf16aa0-76e0-11f1-0a80-04ba00024d0f";"product";"ЕРМАК Замок навесной ""Бронь"" 60мм";"468-004";"00183";"";;;;"178.97";"149.14";"0"
"9cf544ef-76e0-11f1-0a80-04ba00024d13";"product";"ЕРМАК Замок навесной 63мм ""301""";"468-014";"00173";"";;;;"232.57";"193.81";"0"
"9cf99f35-76e0-11f1-0a80-04ba00024d17";"product";"ЕРМАК Биты для шуруповерта PZ2 длина 50 мм, сталь S2, 2 штуки, ПРОФИ СЕРИЯ";"601-052";"00208";"";;;;"52.36";"43.63";"0"
"9cfd9cd0-76e0-11f1-0a80-04ba00024d1b";"product";"ЕРМАК Набор 9 пр: сверла по дереву (5-6-8 мм), по металлу (5-6-8 мм), по бетону (5-6-8 мм)";"603-001";"00181";"";;;;"244.49";"203.74";"0"
"9d0ca3db-76e0-11f1-0a80-04ba00024d27";"product";"ЕРМАК Круг шлифовальный по металлу, 150х6х22,23мм";"608-017";"00198";"";;;;"50.35";"41.96";"0"
"9d10dc20-76e0-11f1-0a80-04ba00024d2b";"product";"ЕРМАК Круг шлифовальный по металлу, 180х6х22,23мм";"608-018";"00210";"";;;;"68.70";"57.25";"0"
"9d153f4b-76e0-11f1-0a80-04ba00024d2f";"product";"ЕРМАК Круг шлифовальный по металлу, 230х6х22,23мм";"608-019";"00265";"";;;;"90.65";"75.54";"0"
"9d1e0836-76e0-11f1-0a80-04ba00024d37";"product";"ЕРМАК Шнур-отвес разметочный, корпус пластмассовый, 30м";"624-108";"00160";"";;;;"19.67";"16.39";"0"
"9d23ae8f-76e0-11f1-0a80-04ba00024d3c";"product";"ЕРМАК Лезвие для ножей запасное 25мм сегментированное, сталь,толщина 0,6мм,10шт/уп";"624-118";"00161";"";;;;"101.90";"84.92";"0"
"9d280288-76e0-11f1-0a80-04ba00024d40";"product";"HEADMAN/ ЕРМАК Лезвия запасные для ножа пистолетного 10шт, 18мм";"641-093";"00172";"";;;;"34.90";"29.08";"0"
"9d3135a5-76e0-11f1-0a80-04ba00024d48";"product";"ЕРМАК Набор отверток 4 пр. 9986 (PH1,PH2x100; SL5,SL6x100)";"651-059";"00155";"";;;;"287.17";"239.31";"0"
"9d3de856-76e0-11f1-0a80-04ba00024d54";"product";"ЕРМАК Отвертка с набором бит и головок, 38 предметов";"651-220";"00263";"";;;;"405.50";"337.92";"0"
"9d42581f-76e0-11f1-0a80-04ba00024d58";"product";"ЕРМАК Набор ударных отверток 2 шт, PH2x100, SL6x100";"651-221";"00250";"";;;;"205.32";"171.10";"0"
"9d46b472-76e0-11f1-0a80-04ba00024d5c";"product";"ЕРМАК Резак для металлопластиковых труб PC-201 42мм";"653-248";"00194";"";;;;"347.74";"289.78";"0"
"9d4afcc9-76e0-11f1-0a80-04ba00024d60";"product";"ЕРМАК Бур SDS-plus D5 х 50/110мм";"654-006";"00240";"";;;;"22.00";"18.33";"0"
"9d4f0d99-76e0-11f1-0a80-04ba00024d64";"product";"ЕРМАК Бур SDS-plus D12 x 100/160 мм";"654-012";"00245";"";;;;"43.09";"35.91";"0"
"9d539753-76e0-11f1-0a80-04ba00024d68";"product";"ЕРМАК Бур SDS-plus D16 x 250/310 мм";"654-022";"00234";"";;;;"124.19";"103.49";"0"
"9d5c9a58-76e0-11f1-0a80-04ba00024d70";"product";"ЕРМАК Набор буров по бетону системы SDS-plus, серия MASTER 5 шт(5/110, 6/110, 6/160, 8/160, 10/160)";"654-163";"00212";"";;;;"302.45";"252.04";"0"
"9d68e251-76e0-11f1-0a80-04ba00024d7c";"product";"ЕРМАК Клещи переставные 260мм с пружинной кнопкой";"655-094";"00224";"";;;;"1040.72";"867.27";"0"
"9d6cab39-76e0-11f1-0a80-04ba00024d80";"product";"ЕРМАК Щетка металл. со шпилькой для дрели 75мм, плоская";"656-007";"00231";"";;;;"74.17";"61.81";"0"
"9d70f7b4-76e0-11f1-0a80-04ba00024d84";"product";"ЕРМАК Щетка металл. со шпилькой для дрели 75мм (чашка)";"656-027";"00298";"";;;;"122.10";"101.75";"0"
"9d752173-76e0-11f1-0a80-04ba00024d88";"product";"ЕРМАК Щетка металл. для УШМ 125мм/22мм, плоская";"656-055";"00303";"";;;;"161.29";"134.41";"0"
"9d78f994-76e0-11f1-0a80-04ba00024d8c";"product";"ЕРМАК Набор ключей - шестигранников 1,5-10мм, 9шт. (011)";"657-011";"00286";"";;;;"165.67";"138.06";"0"
"9d7d2e1c-76e0-11f1-0a80-04ba00024d90";"product";"ЕРМАК Набор ключей TORX-профиль 9пр. (50х3мм-125х9мм)";"657-023";"00252";"";;;;"210.89";"175.74";"0"
"9d81759a-76e0-11f1-0a80-04ba00024d94";"product";"ЕРМАК Рулетка ""НЕО-ТАЧ"", 3м х 16мм, одинарный зацеп + магнит, автостоп, корпус ABS";"658-096";"00174";"";;;;"105.12";"87.60";"0"
"9d929122-76e0-11f1-0a80-04ba00024da4";"product";"ЕРМАК Пассатижи / Клещи переставные 240 мм";"661-001";"00282";"";;;;"346.94";"289.12";"0"
"9d96c328-76e0-11f1-0a80-04ba00024da8";"product";"ЕРМАК Плоскогубцы ""Никель МИНИ"" никелированные";"661-024";"00153";"";;;;"203.21";"169.34";"0"
"9d9b3f62-76e0-11f1-0a80-04ba00024dac";"product";"ЕРМАК Кусачки торцевые строительные 160мм";"661-192";"00162";"";;;;"209.44";"174.53";"0"
"9d9f52be-76e0-11f1-0a80-04ba00024db0";"product";"ЕРМАК Топор-колун 2000г, 880мм с клиновидным полотном, стекловол.ручка";"662-037";"00267";"";;;;"1551.26";"1292.72";"0"
"9dab1f51-76e0-11f1-0a80-04ba00024dbc";"product";"РОКОТ Киянка резиновая с металлической ручкой, 225г";"662-309";"00189";"";;;;"89.40";"74.50";"0"
"9daf4096-76e0-11f1-0a80-04ba00024dc0";"product";"РОКОТ Киянка резиновая с металлической ручкой, 680 гр";"662-311";"00279";"";;;;"202.60";"168.83";"0"
"9db30abe-76e0-11f1-0a80-04ba00024dc4";"product";"ЕРМАК Молоток кованый с деревянной ручкой 200гр.";"662-404";"00244";"";;;;"154.37";"128.64";"0"
"9db70178-76e0-11f1-0a80-04ba00024dc8";"product";"ЕРМАК Молоток кованый с фиберглассовой двухкомпонентной ручкой 800г";"662-423";"00296";"";;;;"501.07";"417.56";"0"
"9dbadaa1-76e0-11f1-0a80-04ba00024dcc";"product";"ЕРМАК Топор кованый с фиберглассовой двухкомпонентной ручкой 1000г";"662-430";"00248";"";;;;"830.99";"692.49";"0"
"9dcb3d91-76e0-11f1-0a80-04ba00024ddc";"product";"РОКОТ Диск отрезной по металлу 125х1,6х22мм";"664-218";"00266";"";;;;"29.35";"24.46";"0"
"9dcefcc3-76e0-11f1-0a80-04ba00024de0";"product";"РОКОТ Диск отрезной по металлу 150х1,2х22мм";"664-219";"00202";"";;;;"34.45";"28.71";"0"
"9dd30556-76e0-11f1-0a80-04ba00024de4";"product";"РОКОТ Диск алмазный отрезной ""ТУРБО"" 230х22,2мм (для мокрой и сухой резки)";"664-496";"00221";"";;;;"468.90";"390.75";"0"
"9dd70887-76e0-11f1-0a80-04ba00024de8";"product";"РОКОТ Диск алмазный отрезной сегментный 125х22,2мм (мокрая и сухая резка) бетон,кирпич,известняк.";"664-886";"00239";"";;;;"151.98";"126.65";"0"
"9ddb6f5a-76e0-11f1-0a80-04ba00024dec";"product";"ЕРМАК Диск пильный по дереву 200х32-30-20-16 z48,чистый рез";"666-047";"00270";"";;;;"259.20";"216.00";"0"
"9ddf7921-76e0-11f1-0a80-04ba00024df0";"product";"РОКОТ Гвоздодер с сине-красной ручкой, 43см";"668-705";"00205";"";;;;"186.00";"155.00";"0"
"9de41b18-76e0-11f1-0a80-04ba00024df4";"product";"ЕРМАК Набор влагозащищенных навесных замков ""Система всё под один ключ"" (3 замка + 3 ключа)";"673-066";"00156";"";;;;"719.22";"599.35";"0"
"9de889e1-76e0-11f1-0a80-04ba00024df8";"product";"ЕРМАК/HEADMAN Кисть малярная плоская ""Бейсик"" нат. щетина 3/4"" (20мм)";"682-001";"00215";"";;;;"14.09";"11.74";"0"
"9deccb1f-76e0-11f1-0a80-04ba00024dfc";"product";"ЕРМАК/HEADMAN Кисть малярная плоская ""Бейсик"" нат. щетина 4"" (100мм)";"682-007";"00213";"";;;;"58.43";"48.69";"0"
"9df0cc23-76e0-11f1-0a80-04ba00024e00";"product";"ЕРМАК Кисть мини-макловица пластиковая ручка нат. щетина 30*120";"682-050";"00179";"";;;;"117.53";"97.94";"0"
"9df4d2b5-76e0-11f1-0a80-04ba00024e04";"product";"HEADMAN/ЕРМАК Миксер универсальный, шестигранный хвостовик 60x400мм";"684-044";"00166";"";;;;"133.24";"111.03";"0"
"9df91141-76e0-11f1-0a80-04ba00024e08";"product";"ЕРМАК Нож универсальный 25мм, метал.направ., Twist lock, пластик+TPR, блистер";"685-021";"00242";"";;;;"205.13";"170.94";"0"
"9e066bf2-76e0-11f1-0a80-04ba00024e14";"product";"ЕРМАК Плоскогубцы комбинированные, двухкомпонентные рукоятки, 45 сталь, 160мм";"779-024";"00293";"";;;;"222.00";"185.00";"0"
"9e0d478e-76e0-11f1-0a80-04ba00024e1a";"product";"Герметик силиконовый универсальный Soudal бесцветный 280 мл";"105905";"00254";"";;;;"322.55";"268.79";"0"
"9e10fa76-76e0-11f1-0a80-04ba00024e1e";"product";"Очиститель для незатвердевшей пены Soudal Profil 400 мл";"152227";"00290";"";;;;"197.56";"164.63";"0"
"9e14e2e1-76e0-11f1-0a80-04ba00024e22";"product";"Герметик силиконовый для ванной Bostik Perfect Seal прозрачный 280 мл.";"212793";"00180";"";;;;"318.12";"265.10";"0"
"9e18de52-76e0-11f1-0a80-04ba00024e26";"product";"Клей универсальный полимерный Polylex 250 мл.";"10324";"00184";"";;;;"171.65";"143.04";"0"
"9e1cabbd-76e0-11f1-0a80-04ba00024e2a";"product";"Клей-пена монтажный полиуретановый пистолетный всесезонный Bostik PRO 800 мл";"20009020";"00284";"";;;;"483.00";"402.50";"0"
"9e2061c2-76e0-11f1-0a80-04ba00024e2e";"product";"Пистолет ручной под герметики Soudal DIY желтый 300/310 мл";"111072";"00273";"";;;;"780.84";"650.70";"0"
"9e242a2a-76e0-11f1-0a80-04ba00024e32";"product";"Пистолет ручной для пены профессиональный Soudal Profi Gun металлический";"103266";"00233";"";;;;"1688.16";"1406.80";"0"
"9e27b0dc-76e0-11f1-0a80-04ba00024e36";"product";"Пена монтажная стандартная Soudal Profil всесезонная 625 мл";"199030";"00157";"";;;;"355.90";"296.58";"0"
"9e2f389b-76e0-11f1-0a80-04ba00024e3c";"product";"Клейкая лента 48мм x 150м 40мкм проз.";"SK-48150-PZ";"00268";"";;;;"115.21";"96.01";"0"
"9e334639-76e0-11f1-0a80-04ba00024e40";"product";"Клейкая лента армированная 48мм*25м черная";"SKA-4825-CH";"00192";"";;;;"155.93";"129.94";"0"
"9e372fee-76e0-11f1-0a80-04ba00024e44";"product";"Клейкая лента двухсторонняя бумажная 10мм*25м";"SK2S-1025-BM";"00217";"";;;;"53.84";"44.87";"0"
"9e3af149-76e0-11f1-0a80-04ba00024e48";"product";"Клейкая лента малярная 19мм x 40м";"SKM-1940";"00190";"";;;;"54.47";"45.39";"0"
"9e3edb38-76e0-11f1-0a80-04ba00024e4c";"product";"Клейкая лента малярная 48мм x 40м";"SKM-4840";"00236";"";;;;"132.22";"110.18";"0"
"9e427282-76e0-11f1-0a80-04ba00024e50";"product";"Перчатки х/б 10 класс СТАНДАРТ с ПВХ";"PER-10-PVH-ST";"00259";"";;;;"20.18";"16.82";"0"
"9e45e792-76e0-11f1-0a80-04ba00024e54";"product";"Мешки ПП 55x95 2С зел./1000";"MPP-5595-2S-ZL";"00261";"";;;;"11.16";"9.30";"0"
"9e497b6e-76e0-11f1-0a80-04ba00024e58";"product";"Мешки ПП 55x95 1С бел./1000";"MPP-5595-1S-BL";"00182";"";;;;"16.02";"13.35";"0"